<Backups xmlns="http://www.microsoft.com/GroupPolicy/GPOOperations/Manifest" xmlns:mfst="http://www.microsoft.com/GroupPolicy/GPOOperations/Manifest" mfst:version="1.0"><BackupInst><GPOGuid><![CDATA[{8E7FCC29-E594-4D57-A894-B716947807DE}]]></GPOGuid><GPODomain><![CDATA[lan.mendocinotransit.org]]></GPODomain><GPODomainGuid><![CDATA[{72b3e0bd-df55-4d15-9c1b-327b64f36f7c}]]></GPODomainGuid><GPODomainController><![CDATA[mta-dc.lan.mendocinotransit.org]]></GPODomainController><BackupTime><![CDATA[2021-06-10T23:54:37]]></BackupTime><ID><![CDATA[{F2BC6711-489A-424C-B16A-BB644F62F2DE}]]></ID><Comment><![CDATA[]]></Comment><GPODisplayName><![CDATA[MSP - SW - Deploy Automate Agent]]></GPODisplayName></BackupInst></Backups>