<?xml version="1.0" encoding="utf-8"?><!-- Copyright (c) Microsoft Corporation.  All rights reserved. --><GroupPolicyBackupScheme bkp:version="2.0" bkp:type="GroupPolicyBackupTemplate" xmlns:bkp="http://www.microsoft.com/GroupPolicy/GPOOperations" xmlns="http://www.microsoft.com/GroupPolicy/GPOOperations">
    <GroupPolicyObject><SecurityGroups><Group bkp:Source="FromDACL"><Sid><![CDATA[S-1-5-21-3803598501-658775952-3039362893-519]]></Sid><SamAccountName><![CDATA[Enterprise Admins]]></SamAccountName><Type><![CDATA[UniversalGroup]]></Type><NetBIOSDomainName><![CDATA[LAN]]></NetBIOSDomainName><DnsDomainName><![CDATA[lan.mendocinotransit.org]]></DnsDomainName><UPN><![CDATA[Enterprise Admins@lan.mendocinotransit.org]]></UPN></Group><Group bkp:Source="FromDACL"><Sid><![CDATA[S-1-5-21-3803598501-658775952-3039362893-512]]></Sid><SamAccountName><![CDATA[Domain Admins]]></SamAccountName><Type><![CDATA[GlobalGroup]]></Type><NetBIOSDomainName><![CDATA[LAN]]></NetBIOSDomainName><DnsDomainName><![CDATA[lan.mendocinotransit.org]]></DnsDomainName><UPN><![CDATA[Domain Admins@lan.mendocinotransit.org]]></UPN></Group></SecurityGroups><FilePaths/><GroupPolicyCoreSettings><ID><![CDATA[{8E7FCC29-E594-4D57-A894-B716947807DE}]]></ID><Domain><![CDATA[lan.mendocinotransit.org]]></Domain><SecurityDescriptor>01 00 04 9c 00 00 00 00 00 00 00 00 00 00 00 00 14 00 00 00 04 00 ec 00 08 00 00 00 05 02 28 00 00 01 00 00 01 00 00 00 8f fd ac ed b3 ff d1 11 b4 1d 00 a0 c9 68 f9 39 01 01 00 00 00 00 00 05 0b 00 00 00 00 00 24 00 ff 00 0f 00 01 05 00 00 00 00 00 05 15 00 00 00 a5 4e b6 e2 90 1f 44 27 4d ff 28 b5 00 02 00 00 00 02 24 00 ff 00 0f 00 01 05 00 00 00 00 00 05 15 00 00 00 a5 4e b6 e2 90 1f 44 27 4d ff 28 b5 00 02 00 00 00 02 24 00 ff 00 0f 00 01 05 00 00 00 00 00 05 15 00 00 00 a5 4e b6 e2 90 1f 44 27 4d ff 28 b5 07 02 00 00 00 02 14 00 94 00 02 00 01 01 00 00 00 00 00 05 09 00 00 00 00 02 14 00 94 00 02 00 01 01 00 00 00 00 00 05 0b 00 00 00 00 02 14 00 ff 00 0f 00 01 01 00 00 00 00 00 05 12 00 00 00 00 0a 14 00 ff 00 0f 00 01 01 00 00 00 00 00 03 00 00 00 00</SecurityDescriptor><DisplayName><![CDATA[MSP - SW - Deploy Automate Agent]]></DisplayName><Options><![CDATA[0]]></Options><UserVersionNumber><![CDATA[65537]]></UserVersionNumber><MachineVersionNumber><![CDATA[65537]]></MachineVersionNumber><MachineExtensionGuids><![CDATA[[{00000000-0000-0000-0000-000000000000}{3BAE7E51-E3F4-41D0-853D-9BB9FD47605F}{3EC4E9D3-714D-471F-88DC-4DD4471AAB47}{CAB54552-DEEA-4691-817E-ED4A4D1AFC72}][{42B5FAAE-6536-11D2-AE5A-0000F87571E3}{40B6664F-4972-11D1-A7CA-0000F87571E3}][{6232C319-91AC-4931-9385-E70C2B099F0E}{3EC4E9D3-714D-471F-88DC-4DD4471AAB47}][{7150F9BF-48AD-4DA4-A49C-29EF4A8369BA}{3BAE7E51-E3F4-41D0-853D-9BB9FD47605F}][{AADCED64-746C-4633-A97C-D61349046527}{CAB54552-DEEA-4691-817E-ED4A4D1AFC72}]]]></MachineExtensionGuids><UserExtensionGuids/><WMIFilter/></GroupPolicyCoreSettings> 
        <GroupPolicyExtension bkp:ID="{35378EAC-683F-11D2-A89A-00C04FBBCFA2}" bkp:DescName="Registry">
            
            
            <FSObjectFile bkp:Path="%GPO_FSPATH%\Adm\*.*" bkp:SourceExpandedPath="\\mta-dc.lan.mendocinotransit.org\sysvol\lan.mendocinotransit.org\Policies\{8E7FCC29-E594-4D57-A894-B716947807DE}\Adm\*.*"/>
        </GroupPolicyExtension>
        
        
        <GroupPolicyExtension bkp:ID="{42B5FAAE-6536-11d2-AE5A-0000F87571E3}" bkp:DescName="Scripts">
            <FSObjectFile bkp:Path="%GPO_MACH_FSPATH%\Scripts\scripts.ini" bkp:SourceExpandedPath="\\mta-dc.lan.mendocinotransit.org\sysvol\lan.mendocinotransit.org\Policies\{8E7FCC29-E594-4D57-A894-B716947807DE}\Machine\Scripts\scripts.ini" bkp:ReEvaluateFunction="ScriptsValidatePaths" bkp:Location="DomainSysvol\GPO\Machine\Scripts\scripts.ini"/>
	    
            <FSObjectDir bkp:Path="%GPO_MACH_FSPATH%\Scripts\Startup\*" bkp:SourceExpandedPath="\\mta-dc.lan.mendocinotransit.org\sysvol\lan.mendocinotransit.org\Policies\{8E7FCC29-E594-4D57-A894-B716947807DE}\Machine\Scripts\Startup\*"><FSObjectDir bkp:Path="%GPO_MACH_FSPATH%\Scripts\Startup" bkp:SourceExpandedPath="\\mta-dc.lan.mendocinotransit.org\sysvol\lan.mendocinotransit.org\Policies\{8E7FCC29-E594-4D57-A894-B716947807DE}\Machine\Scripts\Startup" bkp:Location="DomainSysvol\GPO\Machine\Scripts\Startup"/></FSObjectDir>
            <FSObjectFile bkp:Path="%GPO_MACH_FSPATH%\Scripts\Startup\*" bkp:SourceExpandedPath="\\mta-dc.lan.mendocinotransit.org\sysvol\lan.mendocinotransit.org\Policies\{8E7FCC29-E594-4D57-A894-B716947807DE}\Machine\Scripts\Startup\*"/>
            <FSObjectDir bkp:Path="%GPO_MACH_FSPATH%\Scripts\Shutdown\*" bkp:SourceExpandedPath="\\mta-dc.lan.mendocinotransit.org\sysvol\lan.mendocinotransit.org\Policies\{8E7FCC29-E594-4D57-A894-B716947807DE}\Machine\Scripts\Shutdown\*"><FSObjectDir bkp:Path="%GPO_MACH_FSPATH%\Scripts\Shutdown" bkp:SourceExpandedPath="\\mta-dc.lan.mendocinotransit.org\sysvol\lan.mendocinotransit.org\Policies\{8E7FCC29-E594-4D57-A894-B716947807DE}\Machine\Scripts\Shutdown" bkp:Location="DomainSysvol\GPO\Machine\Scripts\Shutdown"/></FSObjectDir>
            <FSObjectFile bkp:Path="%GPO_MACH_FSPATH%\Scripts\Shutdown\*" bkp:SourceExpandedPath="\\mta-dc.lan.mendocinotransit.org\sysvol\lan.mendocinotransit.org\Policies\{8E7FCC29-E594-4D57-A894-B716947807DE}\Machine\Scripts\Shutdown\*"/>
            
	    
            <FSObjectDir bkp:Path="%GPO_USER_FSPATH%\Scripts\Logon\*" bkp:SourceExpandedPath="\\mta-dc.lan.mendocinotransit.org\sysvol\lan.mendocinotransit.org\Policies\{8E7FCC29-E594-4D57-A894-B716947807DE}\User\Scripts\Logon\*"/>
            <FSObjectFile bkp:Path="%GPO_USER_FSPATH%\Scripts\Logon\*" bkp:SourceExpandedPath="\\mta-dc.lan.mendocinotransit.org\sysvol\lan.mendocinotransit.org\Policies\{8E7FCC29-E594-4D57-A894-B716947807DE}\User\Scripts\Logon\*"/>
            <FSObjectDir bkp:Path="%GPO_USER_FSPATH%\Scripts\Logoff\*" bkp:SourceExpandedPath="\\mta-dc.lan.mendocinotransit.org\sysvol\lan.mendocinotransit.org\Policies\{8E7FCC29-E594-4D57-A894-B716947807DE}\User\Scripts\Logoff\*"/>
            <FSObjectFile bkp:Path="%GPO_USER_FSPATH%\Scripts\Logoff\*" bkp:SourceExpandedPath="\\mta-dc.lan.mendocinotransit.org\sysvol\lan.mendocinotransit.org\Policies\{8E7FCC29-E594-4D57-A894-B716947807DE}\User\Scripts\Logoff\*"/>
        </GroupPolicyExtension>
        
        
        
        
        
        
    <GroupPolicyExtension bkp:ID="{F15C46CD-82A0-4C2D-A210-5D0D3182A418}" bkp:DescName="Unknown Extension"><FSObjectDir bkp:Path="%GPO_MACH_FSPATH%\Preferences" bkp:SourceExpandedPath="\\mta-dc.lan.mendocinotransit.org\sysvol\lan.mendocinotransit.org\Policies\{8E7FCC29-E594-4D57-A894-B716947807DE}\Machine\Preferences" bkp:Location="DomainSysvol\GPO\Machine\Preferences"/><FSObjectDir bkp:Path="%GPO_MACH_FSPATH%\Preferences\Files" bkp:SourceExpandedPath="\\mta-dc.lan.mendocinotransit.org\sysvol\lan.mendocinotransit.org\Policies\{8E7FCC29-E594-4D57-A894-B716947807DE}\Machine\Preferences\Files" bkp:Location="DomainSysvol\GPO\Machine\Preferences\Files"/><FSObjectFile bkp:Path="%GPO_MACH_FSPATH%\Preferences\Files\Files.xml" bkp:SourceExpandedPath="\\mta-dc.lan.mendocinotransit.org\sysvol\lan.mendocinotransit.org\Policies\{8E7FCC29-E594-4D57-A894-B716947807DE}\Machine\Preferences\Files\Files.xml" bkp:Location="DomainSysvol\GPO\Machine\Preferences\Files\Files.xml"/><FSObjectDir bkp:Path="%GPO_MACH_FSPATH%\Preferences\Folders" bkp:SourceExpandedPath="\\mta-dc.lan.mendocinotransit.org\sysvol\lan.mendocinotransit.org\Policies\{8E7FCC29-E594-4D57-A894-B716947807DE}\Machine\Preferences\Folders" bkp:Location="DomainSysvol\GPO\Machine\Preferences\Folders"/><FSObjectFile bkp:Path="%GPO_MACH_FSPATH%\Preferences\Folders\Folders.xml" bkp:SourceExpandedPath="\\mta-dc.lan.mendocinotransit.org\sysvol\lan.mendocinotransit.org\Policies\{8E7FCC29-E594-4D57-A894-B716947807DE}\Machine\Preferences\Folders\Folders.xml" bkp:Location="DomainSysvol\GPO\Machine\Preferences\Folders\Folders.xml"/><FSObjectDir bkp:Path="%GPO_MACH_FSPATH%\Preferences\ScheduledTasks" bkp:SourceExpandedPath="\\mta-dc.lan.mendocinotransit.org\sysvol\lan.mendocinotransit.org\Policies\{8E7FCC29-E594-4D57-A894-B716947807DE}\Machine\Preferences\ScheduledTasks" bkp:Location="DomainSysvol\GPO\Machine\Preferences\ScheduledTasks"/><FSObjectFile bkp:Path="%GPO_MACH_FSPATH%\Preferences\ScheduledTasks\ScheduledTasks.xml" bkp:SourceExpandedPath="\\mta-dc.lan.mendocinotransit.org\sysvol\lan.mendocinotransit.org\Policies\{8E7FCC29-E594-4D57-A894-B716947807DE}\Machine\Preferences\ScheduledTasks\ScheduledTasks.xml" bkp:Location="DomainSysvol\GPO\Machine\Preferences\ScheduledTasks\ScheduledTasks.xml"/><FSObjectDir bkp:Path="%GPO_MACH_FSPATH%\Scripts" bkp:SourceExpandedPath="\\mta-dc.lan.mendocinotransit.org\sysvol\lan.mendocinotransit.org\Policies\{8E7FCC29-E594-4D57-A894-B716947807DE}\Machine\Scripts" bkp:Location="DomainSysvol\GPO\Machine\Scripts"/><FSObjectFile bkp:Path="%GPO_MACH_FSPATH%\Scripts\LT-AgentDeploy.bat" bkp:SourceExpandedPath="\\mta-dc.lan.mendocinotransit.org\sysvol\lan.mendocinotransit.org\Policies\{8E7FCC29-E594-4D57-A894-B716947807DE}\Machine\Scripts\LT-AgentDeploy.bat" bkp:Location="DomainSysvol\GPO\Machine\Scripts\LT-AgentDeploy.bat"/><FSObjectFile bkp:Path="%GPO_MACH_FSPATH%\Scripts\RUNLTAgent.BAT" bkp:SourceExpandedPath="\\mta-dc.lan.mendocinotransit.org\sysvol\lan.mendocinotransit.org\Policies\{8E7FCC29-E594-4D57-A894-B716947807DE}\Machine\Scripts\RUNLTAgent.BAT" bkp:Location="DomainSysvol\GPO\Machine\Scripts\RUNLTAgent.BAT"/></GroupPolicyExtension></GroupPolicyObject>
</GroupPolicyBackupScheme>