<?xml version="1.0" encoding="utf-8"?>
<ScheduledTasks clsid="{CC63F200-7309-4ba0-B154-A71CD118DBCC}"><Task clsid="{2DEECB1C-261F-4e13-9B21-16FB83BC03BD}" name="MSP - SW - Deploy Automate Agent" image="2" changed="2021-06-10 23:36:33" uid="{60FCD2BC-9807-4482-B3B0-A61611FF9B3D}"><Properties action="U" name="MSP - SW - Deploy Automate Agent" appName="c:\support\RUNLTAgent.Bat" args="" startIn="c:\support" comment="" enabled="1"><Triggers><Trigger type="WEEKLY" startHour="16" startMinutes="00" beginYear="2019" beginMonth="1" beginDay="2" hasEndDate="0" repeatTask="1" minutesInterval="60" repeatUnit="HOURS" minutesDuration="1440" killAtDurationEnd="0" interval="1" days="127"/></Triggers></Properties></Task>
	<TaskV2 clsid="{D8896631-B747-47a7-84A6-C155337F3BC8}" name="MSP - SW - Deploy Automate Agent" image="2" changed="2021-06-10 23:43:09" uid="{106DF039-F07C-4BEC-9041-586AACF6E0DC}"><Properties action="U" name="MSP - SW - Deploy Automate Agent" runAs="NT AUTHORITY\System" logonType="S4U"><Task version="1.2"><RegistrationInfo><Author>LAN\administrator</Author><Description></Description></RegistrationInfo><Principals><Principal id="Author"><UserId>NT AUTHORITY\System</UserId><LogonType>S4U</LogonType><RunLevel>HighestAvailable</RunLevel></Principal></Principals><Settings><IdleSettings><Duration>PT5M</Duration><WaitTimeout>PT1H</WaitTimeout><StopOnIdleEnd>false</StopOnIdleEnd><RestartOnIdle>false</RestartOnIdle></IdleSettings><MultipleInstancesPolicy>IgnoreNew</MultipleInstancesPolicy><DisallowStartIfOnBatteries>false</DisallowStartIfOnBatteries><StopIfGoingOnBatteries>false</StopIfGoingOnBatteries><AllowHardTerminate>false</AllowHardTerminate><AllowStartOnDemand>false</AllowStartOnDemand><Enabled>true</Enabled><Hidden>false</Hidden><ExecutionTimeLimit>PT0S</ExecutionTimeLimit><Priority>7</Priority></Settings><Triggers><CalendarTrigger><StartBoundary>2021-06-10T16:42:36</StartBoundary><Enabled>true</Enabled><ScheduleByDay><DaysInterval>1</DaysInterval></ScheduleByDay><Repetition><Interval>PT1H</Interval><Duration>P1D</Duration><StopAtDurationEnd>false</StopAtDurationEnd></Repetition></CalendarTrigger>
				</Triggers><Actions Context="Author"><Exec><Command>c:\support\runltagent.bat</Command><WorkingDirectory>c:\support</WorkingDirectory></Exec>
				</Actions></Task></Properties></TaskV2>
</ScheduledTasks>
